{"_id":"0","title":"The Heart Principle","author":"Helen Huang","year":"2021","published":"true","userId":"vI1GMkzBza5i82zz"}
{"_id":"1","title":"The Poppy War","author":"R. F. Kuang","year":"2018","published":"true","userId":"vI1GMkzBza5i82zz"}
{"_id":"2","title":"The Ruin of Kings","author":"Jenn Lyons","year":"2019","published":"true","userId":"vI1GMkzBza5i82zz"}
{"_id":"3","title":"The Discord of Gods","author":"Jenn Lyons","year":"2022","published":"false","userId":"vI1GMkzBza5i82zz"}
{"_id":"8","author":"Shelley Parker-Chan","published":"false","title":"She Who Became The Sun","year":"2020","userId":"vI1GMkzBza5i82zj"}
{"_id":"89RlkHdYU","author":"Helen Hoang","published":"true","title":"The Kiss Quotient","year":"2018","userId":"vI1GMkzBza5i82zj"}
{"title":"Finale","author":"Stephanie Garber","year":"2019","published":"true","userId":"vI1GMkzBza5i82zj","_id":"8DMqM9RlkHdYU","latitude":43.37945651316274,"longitude":24.140303858659866}
{"title":"A Court of Mist and Fury","author":"Sarah J. Maas","year":"2016","published":"true","userId":"vI1GMkzBza5i82zj","_id":"8HdYU","latitude":47.18302154284311,"longitude":25.72771477695934}
{"title":"The Toll","author":"Neil Shusterman","year":"2019","published":"true","userId":"vI1GMkzBza5i82zj","_id":"8M9RlkHdYU","latitude":48.49905987868706,"longitude":2.7872200994827923}
{"title":"Scythe","author":"Neil Shusterman","year":"2017","published":"true","userId":"vI1GMkzBza5i82zj","_id":"8MqM9RlkHdYU","latitude":46.946594208847515,"longitude":24.442311453972383}
{"title":"The Bride Test","author":"Helen Hoang","year":"2019","published":"true","userId":"vI1GMkzBza5i82zj","_id":"8RlkHdYU"}
{"title":"Legend","author":"Stephanie Garber","year":"2018","published":"true","userId":"vI1GMkzBza5i82zj","_id":"8SDMqM9RlkHdYU","latitude":47.07466425166339,"longitude":24.920198959771803}
{"title":"Illuminae","author":"Amie Kaufman","year":"2016","published":"true","userId":"vI1GMkzBza5i82zj","_id":"8U","latitude":46.88063397474474,"longitude":26.01794577063011}
{"title":"A Court of Frost and Starlight","author":"Sarah J. Maas","year":"2018","published":"true","userId":"vI1GMkzBza5i82zj","_id":"8YU"}
{"title":"The Invisible Life of Addie LaRue","author":"V. E. Schwab","year":"2020","published":"true","userId":"vI1GMkzBza5i82zj","_id":"8Z"}
{"title":"Aurora's End","author":"Amie Kaufman","year":"2021","published":"true","userId":"vI1GMkzBza5i82zj","_id":"8Z9RlkHdYU"}
{"title":"Gemina","author":"Amie Kaufman","year":"2017","published":"true","userId":"vI1GMkzBza5i82zj","_id":"8ZDMqM9RlkHdYU"}
{"title":"Aurora Burning","author":"Amie Kaufman","year":"2020","published":"true","userId":"vI1GMkzBza5i82zj","_id":"8ZM9RlkHdYU"}
{"title":"Obsidio","author":"Amie Kaufman","year":"2018","published":"true","userId":"vI1GMkzBza5i82zj","_id":"8ZMqM9RlkHdYU"}
{"title":"Skyward","author":"Brandon Sanderson","year":"2018","published":"true","userId":"vI1GMkzBza5i82zj","_id":"8ZRlkHdYU"}
{"title":"A Court of Silver Flames","author":"Sarah J. Maas","year":"2021","published":"true","userId":"vI1GMkzBza5i82zj","_id":"8ZSDMqM9RlkHdYU","latitude":46.7481621823326,"longitude":24.70600646133433}
{"title":"The King's Men","author":"Nora Sakavic","year":"2014","published":"true","userId":"vI1GMkzBza5i82zj","_id":"8Ze"}
{"title":"Teen Titans: Raven","author":"Gabriel Piccolo","year":"2019","published":"true","userId":"vI1GMkzBza5i82zj","_id":"8ZeDMqM9RlkHdYU"}
{"title":"The Raven King","author":"Nora Sakavic","year":"2013","published":"true","userId":"vI1GMkzBza5i82zj","_id":"8ZeS"}
{"title":"The Foxhole Court","author":"Nora Sakavic","year":"2013","published":"true","userId":"vI1GMkzBza5i82zj","_id":"8ZeSD"}
{"_id":"8ZeSDM","author":"C. S. Pacat","published":"true","title":"King's Rising","year":"2016","userId":"vI1GMkzBza5i82zj"}
{"title":"Heartstopper","author":"Alice Oseman","year":"2021","published":"true","userId":"vI1GMkzBza5i82zj","_id":"8ZeSDMM9RlkHdYU"}
{"_id":"8ZeSDMq","author":"C. S. Pacat","published":"true","title":"Prince's Gambit","year":"2013","userId":"vI1GMkzBza5i82zj"}
{"title":"Fence","author":"C. S. Pacat","year":"2019","published":"true","userId":"vI1GMkzBza5i82zj","_id":"8ZeSDMq9RlkHdYU"}
{"title":"Captive Prince","author":"C. S. Pacat","year":"2013","published":"true","userId":"vI1GMkzBza5i82zj","_id":"8ZeSDMqM"}
{"title":"Kingdom of Ash","author":"Sarah J. Maas","year":"2018","published":"true","userId":"vI1GMkzBza5i82zj","_id":"8ZeSDMqM9"}
{"title":"Tower of Dawn","author":"Sarah J. Maas","year":"2017","published":"true","userId":"vI1GMkzBza5i82zj","_id":"8ZeSDMqM9R"}
{"title":"Harrow the Ninth","author":"Tamsyn Muir","year":"2020","published":"true","userId":"vI1GMkzBza5i82zj","_id":"8ZeSDMqM9RkHdYU"}
{"title":"Queen of Shadows","author":"Sarah J. Maas","year":"2016","published":"true","userId":"vI1GMkzBza5i82zj","_id":"8ZeSDMqM9Rl"}
{"title":"Six Crimson Cranes","author":"Elizabeth Lim","year":"2021","published":"true","userId":"vI1GMkzBza5i82zj","_id":"8ZeSDMqM9RlHdYU"}
{"title":"Empire of Storms","author":"Sarah J. Maas","year":"2015","published":"true","userId":"vI1GMkzBza5i82zj","_id":"8ZeSDMqM9Rlk"}
{"title":"Crown of Midnight","author":"Sarah J. Maas","year":"2013","published":"true","userId":"vI1GMkzBza5i82zj","_id":"8ZeSDMqM9RlkH"}
{"title":"Once Upon A Broken Heart","author":"Stephanie Garber","year":"2021","published":"true","userId":"vI1GMkzBza5i82zj","_id":"8ZeSDMqM9RlkHYU"}
{"title":"Throne of Glass","author":"Sarah J. Maas","year":"2012","published":"true","userId":"vI1GMkzBza5i82zj","_id":"8ZeSDMqM9RlkHd"}
{"title":"Caraval","author":"Stephanie Garber","year":"2017","published":"true","userId":"vI1GMkzBza5i82zj","_id":"8ZeSDMqM9RlkHdU"}
{"title":"The Assassins's Blade","author":"Sarah J. Maas","year":"2014","published":"true","userId":"vI1GMkzBza5i82zj","_id":"8ZeSDMqM9RlkHdY"}
{"title":"Dark Rise","author":"C. S. Pacat","year":"2021","published":"true","userId":"vI1GMkzBza5i82zz","_id":"8ZeSDMqM9RlkHdYU"}
{"title":"Jade Fire Gold","author":"June C.L. Tan","year":"2021","published":"true","userId":"vI1GMkzBza5i82zj","_id":"8ZeSDMqM9RlkdYU"}
{"title":"Gideon The Ninth","author":"Tamsyn Muir","year":"2019","published":"true","userId":"vI1GMkzBza5i82zj","_id":"8ZeSDMqM9lkHdYU"}
{"title":"Iron Widow","author":"Xiran Jay Zhao","year":"2021","published":"true","userId":"vI1GMkzBza5i82zj","_id":"8ZeSDMqMRlkHdYU"}
{"title":"Teen Titans: Beast Boy Loves Raven","author":"Gabriel Piccolo","year":"2021","published":"true","userId":"vI1GMkzBza5i82zj","_id":"8ZeSDqM9RlkHdYU"}
{"title":"Teen Titans: Beast Boy","author":"Gabriel Piccolo","year":"2020","published":"true","userId":"vI1GMkzBza5i82zj","_id":"8ZeSMqM9RlkHdYU"}
{"title":"Cytonic","author":"Brandon Sanderson","year":"2021","published":"true","userId":"vI1GMkzBza5i82zj","_id":"8ZkHdYU"}
{"title":"Starsight","author":"Brandon Sanderson","year":"2019","published":"true","userId":"vI1GMkzBza5i82zj","_id":"8ZlkHdYU"}
{"title":"Aurora Rising","author":"Amie Kaufman","year":"2019","published":"true","userId":"vI1GMkzBza5i82zj","_id":"8ZqM9RlkHdYU"}
{"title":"A Court of Wings and Ruin","author":"Sarah J. Maas","year":"2017","published":"true","userId":"vI1GMkzBza5i82zj","_id":"8dYU"}
{"title":"House of Earth and Blood","author":"Sarah J. Mass","year":"2020","published":"true","userId":"vI1GMkzBza5i82zj","_id":"8eSDMqM9RlkHdYU"}
{"title":"A Court of Thorns and Roses","author":"Sarah J. Maas","year":"2015","published":"true","userId":"vI1GMkzBza5i82zj","_id":"8kHdYU"}
{"title":"The Heart Principle","author":"Helen Hoang","year":"2021","published":"true","userId":"vI1GMkzBza5i82zj","_id":"8lkHdYU"}
{"title":"Thunderhead","author":"Neil Shusterman","year":"2018","published":"true","userId":"vI1GMkzBza5i82zj","_id":"8qM9RlkHdYU"}
{"title":"Crooked Kingdom","author":"Leigh Bardugo","year":"2016","published":"true","userId":"vI1GMkzBza5i82zj","_id":"9RlkHdYU"}
{"title":"a","author":"a","year":"21","published":"true","latitude":46.939971618597774,"longitude":23.008476066021814,"img_url":"blob:http://localhost:8100/94fadb4e-a2bf-4cba-a224-7bd51afccf61","userId":"vI1GMkzBza5i82zj","_id":"Bcdg4HFryQWelXDr"}
{"title":"Shadow and Bone","author":"Leigh Bardugo","year":"2012","published":"true","userId":"vI1GMkzBza5i82zj","_id":"DMqM9RlkHdYU"}
{"title":"The Hollow Vows","author":"Lexi Ryan","year":"2021","published":"true","latitude":46.70668087547854,"longitude":26.67594842343748,"userId":"vI1GMkzBza5i82zj","_id":"F8nGhqiuXW9Aq5uh"}
{"title":"A Gathering of Shadows","author":"V. E. Schwab","year":"2016","published":"true","userId":"vI1GMkzBza5i82zj","_id":"HdYU"}
{"title":"The Priory of the Orange Tree","author":"Samantha Shannon","year":"2018","published":"true","latitude":47.10012637177398,"longitude":25.013600516472383,"userId":"vI1GMkzBza5i82zj","_id":"I7hLGImiNwKRulpo"}
{"title":"Six of Crows","author":"Leigh Bardugo","year":"2015","published":"true","userId":"vI1GMkzBza5i82zj","_id":"M9RlkHdYU"}
{"title":"Siege and Storm","author":"Leigh Bardugo","year":"2013","published":"true","userId":"vI1GMkzBza5i82zj","_id":"MqM9RlkHdYU"}
{"title":"King of Scars","author":"Leigh Bardugo","year":"2020","published":"true","userId":"vI1GMkzBza5i82zj","_id":"RlkHdYU"}
{"title":"Girls of Fate and Fury  ","author":"Natasha Ngan","year":"2021","published":"true","userId":"vI1GMkzBza5i82zj","_id":"SDMqM9RlkHdYU"}
{"title":"Vengeful","author":"V. E. Schwab","year":"2018","published":"true","userId":"vI1GMkzBza5i82zj","_id":"U"}
{"title":"Vicious","author":"V. E. Schwab","year":"2017","published":"true","userId":"vI1GMkzBza5i82zj","_id":"YU"}
{"title":"Girls Of Paper and Fire","author":"Natasha Ngan","year":"2019","published":"true","userId":"vI1GMkzBza5i82zj","_id":"ZeSDMqM9RlkHdYU"}
{"title":"A Conjuring of Light","author":"V. E. Schwab","year":"2017","published":"true","userId":"vI1GMkzBza5i82zj","_id":"dYU"}
{"title":"Girls of Storm and Shadow","author":"Natasha Ngan","year":"2020","published":"true","userId":"vI1GMkzBza5i82zj","_id":"eSDMqM9RlkHdYU"}
{"title":"A Darker Shade of Magic","author":"V. E. Schwab","year":"2015","published":"true","userId":"vI1GMkzBza5i82zj","_id":"kHdYU"}
{"title":"Ruin of Wolves","author":"Leigh Bardugo","year":"2021","published":"true","userId":"vI1GMkzBza5i82zj","_id":"lkHdYU"}
{"title":"Ruin and Rising","author":"Leigh Bardugo","year":"2014","published":"true","userId":"vI1GMkzBza5i82zj","_id":"qM9RlkHdYU"}
